{"_default": {"1": {"ID": 1, "x": 13, "y": 14, "name": "Hinczyk", "iconID": 0, "posts": [1, 1, 1, 1, 1]}, "2": {"ID": 2, "x": 50, "y": 321, "name": "Tajne okopy dru\u017cyny 25", "iconID": 0, "posts": []}, "3": {"ID": 3, "x": 2131250, "y": 5621, "name": "Sk\u0142adowisko portek Rektora", "iconID": 0, "posts": [2, 1]}, "4": {"ID": 4, "x": 12, "y": 532, "name": "gehuhgeuguehg", "iconID": 0, "posts": []}, "5": {"ID": 5, "x": 52.2557005757178, "y": 20.897757091250426, "name": "gehuhgeuguehg", "iconID": 0, "posts": []}, "6": {"ID": 6, "x": 52.25270942549204, "y": 20.89836137585001, "name": "autobus 1", "iconID": 0, "posts": []}, "7": {"ID": 7, "x": 52.252289540829224, "y": 20.89810793659118, "name": "tram1", "iconID": 0, "posts": []}, "8": {"ID": 8, "x": 52.25257658531413, "y": 20.898216386455594, "name": "tram2", "iconID": 0, "posts": []}, "9": {"ID": 9, "x": 52.25273719970768, "y": 20.900571971781478, "name": "sztab", "iconID": 0, "posts": []}, "10": {"ID": 10, "x": 52.25187420628921, "y": 20.89639092323314, "name": "kulemocy", "iconID": 0, "posts": []}, "11": {"ID": 11, "x": 52.251782138860044, "y": 20.89641379302408, "name": "zydshop", "iconID": 0, "posts": []}, "12": {"ID": 12, "x": 52.251782138860044, "y": 20.89641379302408, "name": "zydshop", "iconID": 0, "posts": []}, "13": {"ID": 13, "x": 52.251782138860044, "y": 20.89641379302408, "name": "zydshop", "iconID": 0, "posts": []}, "14": {"ID": 14, "x": 52.251782138860044, "y": 20.89641379302408, "name": "zydshop", "iconID": 0, "posts": []}, "15": {"ID": 15, "x": 52.251782138860044, "y": 20.89641379302408, "name": "zydshop", "iconID": 0, "posts": []}, "16": {"ID": 16, "x": 52.251782138860044, "y": 20.89641379302408, "name": "zydshop", "iconID": 0, "posts": []}, "17": {"ID": 17, "x": 52.251782138860044, "y": 20.89641379302408, "name": "zydshop", "iconID": 0, "posts": []}, "18": {"ID": 18, "x": 52.251782138860044, "y": 20.89641379302408, "name": "zydshop", "iconID": 0, "posts": []}, "19": {"ID": 19, "x": 52.251782138860044, "y": 20.89641379302408, "name": "zydshop", "iconID": 0, "posts": []}, "20": {"ID": 20, "x": 52.251782138860044, "y": 20.89641379302408, "name": "zydshop", "iconID": 0, "posts": []}}}