{"_default": {"1": {"ID": 1, "x": 13, "y": 14, "name": "Hinczyk", "iconID": 0, "posts": [1]}, "2": {"ID": 2, "x": 50, "y": 321, "name": "Tajne okopy dru\u017cyny 25", "iconID": 0, "posts": [1]}, "3": {"ID": 3, "x": 2131250, "y": 5621, "name": "Sk\u0142adowisko portek Rektora", "iconID": 0, "posts": [1]}, "4": {"ID": 4, "x": 12, "y": 532, "name": "pinezka smierci", "iconID": 0, "posts": []}, "5": {"ID": 5, "x": 52.2557005757178, "y": 20.897757091250426, "name": "gehuhgeuguehg", "iconID": 0, "posts": []}, "6": {"ID": 6, "x": 52.25270942549204, "y": 20.89836137585001, "name": "autobus 1", "iconID": 0, "posts": []}, "7": {"ID": 7, "x": 52.252289540829224, "y": 20.89810793659118, "name": "Przystanek tramwajowy", "iconID": 4, "posts": []}, "8": {"ID": 8, "x": 52.25257658531413, "y": 20.898216386455594, "name": "Przystanek tramwajowy", "iconID": 4, "posts": []}, "9": {"ID": 9, "x": 52.25273719970768, "y": 20.900571971781478, "name": "Sztab", "iconID": 5, "posts": []}, "10": {"ID": 10, "x": 52.25187420628921, "y": 20.89639092323314, "name": "Bar Azjatycki", "iconID": 1, "posts": []}, "11": {"ID": 11, "x": 52.251782138860044, "y": 20.89641379302408, "name": "Drogi sklep", "iconID": 1, "posts": []}, "12": {"ID": 12, "x": 52.25129997705491, "y": 20.893269040169994, "name": "Studium WAT", "iconID": 5, "posts": []}, "13": {"ID": 13, "x": 52.25301598863513, "y": 20.895954106453452, "name": "Biblioteka", "iconID": 5, "posts": []}, "14": {"ID": 14, "x": 52.25534913552506, "y": 20.903752398030488, "name": "Budynek 65", "iconID": 5, "posts": [5]}, "15": {"ID": 15, "x": 52.24982897481699, "y": 20.896613391911046, "name": "Akademik 6", "iconID": 6, "posts": []}, "16": {"ID": 16, "x": 52.24982897481699, "y": 20.896613391911046, "name": "Akademik 6", "iconID": 6, "posts": [3]}, "17": {"ID": 17, "x": 52.250917949279724, "y": 20.8937182528391, "name": "SWF", "iconID": 0, "posts": [2]}, "18": {"ID": 18, "x": 52.25221558295306, "y": 20.897303355086088, "name": "Akademik 1", "iconID": 6, "posts": []}, "19": {"ID": 19, "x": 52.25087393584259, "y": 20.89755218122699, "name": "Akademik 4", "iconID": 6, "posts": []}, "20": {"ID": 20, "x": 52.25398869331683, "y": 20.89720595089402, "name": "Akademik 5", "iconID": 6, "posts": [6, 9]}, "21": {"ID": 21, "x": 52.256577337156465, "y": 20.89684980968189, "name": "Akademik 2", "iconID": 6, "posts": [8]}, "22": {"ID": 22, "x": 52.251441408840485, "y": 20.899115379287743, "name": "Logistyka", "iconID": 5, "posts": []}, "23": {"ID": 23, "x": 52.253587759797455, "y": 20.90425632359261, "name": "Geodezja", "iconID": 5, "posts": [7]}, "24": {"ID": 24, "x": 52.24746263490268, "y": 20.91213244983016, "name": "Dominos Pizza", "iconID": 1, "posts": []}, "25": {"ID": 25, "x": 52.250632484913275, "y": 20.90517194595419, "name": "Optoelektronika", "iconID": 5, "posts": [4]}, "26": {"ID": 26, "x": 52.2521240399925, "y": 20.905199307576083, "name": "Elektronika", "iconID": 5, "posts": []}}}